{"IntrinsicMatrix":[[522.80894200576665,0,324.65619347875213],[0,522.735002680932,252.46097877093004],[0,0,1]],"RadialDistortion":[0.089067637893093535,0.1876277924140303],"TangentialDistortion":[0,0]}